sku,part,supplier,part_number,url,unit_cost,currency,qty,price_status,notes
general-purpose,ESP32 PoE controller (isolated),Olimex,ESP32-POE-ISO,https://www.olimex.com/Products/IoT/ESP32/ESP32-POE-ISO/,24.95,EUR,1,snippet,WROOM-32E variant (not WROVER). EUR 22.46 at 10-49. Brief estimated $20; actual ~$27-29 at qty 1 before shipping/VAT. ~1.5 W budget for user circuits.
general-purpose,4-ch relay module 5V opto-isolated,TODO,TODO,TODO,8.00,USD,1,estimate,Active-low Songle SRD-05VDC type. Remove JD-VCC jumper for 3.3 V logic. 4 coils all on is borderline for ISO power budget; see architecture.md.
general-purpose,Alt: I2C relay+input board (4 relays 4 opto inputs),Olimex,MOD-IO,https://www.olimex.com/Products/Modules/IO/MOD-IO/open-source-hardware,17.95,EUR,0,snippet,Alternative to relay module. Needs 8-30 VDC supply. I2C over UEXT. Not selected.
general-purpose,Pluggable terminal block plug 2-pos 5.08mm,Phoenix Contact,1757019,https://www.digikey.com/en/products/detail/phoenix-contact/1757019/277-1011-ND/260379,TODO,USD,6,unverified,MSTB 2.5/2-ST-5.08. One retailer lists discontinued; confirm or pick successor.
general-purpose,Pluggable terminal block header 2-pos 5.08mm,Phoenix Contact,1757242,TODO,TODO,USD,6,unverified,MSTBA 2.5/2-G-5.08 (or 1759017 MSTB 2.5/2-G-5.08). Needs a carrier/protoboard to mount.
general-purpose,Enclosure,Hammond,1591DSBK,https://www.hammfg.com/part/1591DSBK,8.78,USD,1,snippet,150x80x50 mm IP54. Fit not verified against actual boards. 1555NGY (120x120x61) is the roomier alternative.
general-purpose,Fuse holder + fuse / standoffs / wire / hardware,TODO,TODO,TODO,5.00,USD,1,estimate,
ringer,ESP32 PoE controller (25 W),Olimex,ESP32-POE2,https://olimex.wordpress.com/2024/04/25/esp32-poe2-open-source-hardware-poe-iot-board-provides-up-to-25w-power-supply-to-external-circuits/,20.95,EUR,1,snippet,Candidate A. 802.3at up to 25 W; 12 V/1.5 A rail. NOT isolated. WROVER-E (RMII clock on GPIO0). Needs 802.3at PSE. Alternative: ESP32-POE-ISO + external supply.
ringer,Ring generator option 1: ringing SLIC module,Silvertel,Ag1171-S,https://www.newark.com/silvertel/ag1171-s/subscriber-line-interface-circuit/dp/08AM1737,8.76,USD,1,snippet,3.3-5 V in. ~60 Vrms into 1 REN. Software frequency/cadence via RM and F/R. NOT isolated: needs isolated DC/DC + isolated control lines.
ringer,Ring generator option 2: Black Magic ring generator 12 V,Cambridge Electronics Labs,TODO (LR12 sine or 12 V square variant),https://www.camblab.com/oem_list/oem_list.htm,31.00,USD,1,snippet,~$31 square / ~$39 LR12 sine. ~86 Vrms ~5 REN. NOT isolated. Not short protected: needs >=300 ohm series R.
ringer,Isolated DC/DC converter (ring side supply),TODO,TODO,TODO,TODO,USD,1,unverified,>=1.5 kV isolation (3 kV preferred). 5V->5V for Ag1171 or 12V->12V for Black Magic. Size for peak ringing current.
ringer,Control isolation: 2-ch digital isolator or optocouplers,TODO,TODO,TODO,TODO,USD,1,unverified,For Ag1171 RM and F/R (+ hook detect back). >=2.5 kVrms. Not needed if Black Magic gated by relay.
ringer,Gate relay (signal relay),TODO,TODO,TODO,3.00,USD,1,estimate,Gates ring module DC input (Black Magic path). Check coil-contact isolation rating.
ringer,Series current-limit resistor,TODO,TODO,TODO,TODO,USD,2,unverified,Value TBD on bench (>=300 ohm total for Black Magic). Power rating for continuous short.
ringer,Fuse or PTC on ring output,TODO,TODO,TODO,TODO,USD,1,unverified,Value TBD on bench.
ringer,Ring output connector (panel),Neutrik,NL4MPXX,https://www.neutrik.com/en/product/nl4mpxx,TODO,USD,1,unverified,speakON panel. Proposed; see safety.md. Alternative: Hirschmann SEB 2620 4 mm shrouded sockets 972356101/972356100.
ringer,Phone adapter cable (speakON to prop phone),TODO,TODO,TODO,TODO,USD,1,unverified,Built in-house.
ringer,Lid momentary pushbutton 16 mm,E-Switch,PV6F240SS-341,https://spemco.com/pv6f240ss-341-anti-vandal-push-button-switch-16-mm-illuminated-blue-ring-momentary-off-on/,TODO,USD,1,snippet,Anti-vandal momentary. Alt: APEM AV series (AV0630C940K unverified).
ringer,Enclosure + insulating barrier,Hammond,TODO,TODO,18.00,USD,1,estimate,Needs room for HV zone separation.
ringer,Fuse / wiring / hardware,TODO,TODO,TODO,7.00,USD,1,estimate,
bench,PoE injector or PoE switch (802.3at),TODO,TODO,TODO,TODO,USD,1,unverified,802.3at needed to test ESP32-POE2 at >13 W.
bench,Second controller for comparison,Olimex,ESP32-POE-ISO,https://www.olimex.com/Products/IoT/ESP32/ESP32-POE-ISO/,24.95,EUR,1,snippet,Test both boards.
bench,USB-serial cable / micro-USB cable,TODO,TODO,TODO,TODO,USD,1,unverified,Never connect USB to POE2 while on PoE.
bench,Logic analyzer (8 ch),TODO,TODO,TODO,TODO,USD,1,unverified,Boot glitch and timing tests.
bench,True-RMS multimeter,TODO,TODO,TODO,TODO,USD,1,unverified,Ring voltage and isolation checks.
bench,Vintage phones (WE 500 C4A ringer + 1-2 others incl. UK if possible),TODO,TODO,TODO,TODO,USD,2,unverified,Ideally one known harmonic ringer as a negative test.
bench,Protoboard / jumpers / 12 V bench supply,TODO,TODO,TODO,TODO,USD,1,unverified,
din,DIN clip for Olimex ESP32-POE / POE-ISO / POE2,Olimex,DIN-CLIP-ESP32-POE,https://www.olimex.com/Products/IoT/ESP32/DIN-CLIP-ESP32-POE/,5.95,EUR,1,snippet,Cheapest DIN path: keeps baseline board. EUR 5.65 at 10+.
din,All-in-one: ESP32-S3 + 802.3af PoE + 8 relays + 8 opto inputs in DIN case,Waveshare,ESP32-S3-POE-ETH-8DI-8RO,https://www.waveshare.com/wiki/ESP32-S3-ETH-8DI-8RO,49.99,USD,1,snippet,Candidate for the Relay SKU. W5500 SPI Ethernet (firmware port needed). Relays 10 A 250 VAC. 7-36 VDC alt input. Module FCC ID 2AC7Z-ESPS3WROOM1; no board-level FCC found. PoE headroom and isolation unverified.
din,8-relay ESP32 board with LAN8720 Ethernet (12 V supply; no PoE),KinCony,KC868-A8,https://shop.kincony.com/products/kc868-a8-esp32-8-channel-relay-module,67.00,USD,1,snippet,$55 bare / $67 with DIN-mountable shell. Same PHY as Olimex. Needs 12 VDC.
din,16-relay ESP32 PoE DIN controller,KinCony,E16P,https://shop.kincony.com/products/kincony-e16p-16ch-esp32-poe-ethernet-relay-module,198.00,USD,0,snippet,Only KinCony PoE option found (optional 12 V PoE module; class unverified). Too big for current SKUs.
din,DIN interface relay 5 V coil 1CO 6 A,Phoenix Contact,1119897,https://www.rspsupply.com/p-68447,16.00,USD,4,snippet,PLC-RSC-5DC/21. 38 mA coil: needs transistor/ULN2803 driver. ~$16-19.50 each.
din,DIN interface relay 5 V coil 1CO,Weidmuller,1122740000,https://eshop.weidmueller.com/en/trs-5vdc-1co/p/1122740000,TODO,USD,4,unverified,TRS 5VDC 1CO. Coil current unverified. 24 V version 1122770000 ($10.70-15.90).
din,DIN interface relay 12 V coil 1CO 6 A,Finder,38.51.0.012.0060,https://www.newark.com/finder/38-51-0-012-0060/dp/08X7068,18.04,USD,4,snippet,For 12 V-rail SKUs (ESP32-POE2). ~0.5 W coil.
din,Push-in DIN terminal block 2.5 mm2,Phoenix Contact,3209510,https://www.rspsupply.com/p-18036,1.60,USD,10,snippet,PT 2.5. 24 A / 800 V. Plus end plates/jumpers TODO.
din,Screw DIN terminal block 2.5 mm2,Phoenix Contact,3044076,https://www.rspsupply.com/p-1621,1.15,USD,10,snippet,UT 2.5. Alternative to PT.
din,Push-in DIN terminal block 2-conductor,WAGO,2002-1201,https://www.lesman.com/2002-1201,1.77,USD,10,snippet,TOPJOB S. 20 A / 600 V.
din,Modular DIN enclosure 4-module,Hammond,1597DIN4GY,https://www.rapidonline.com/,6.73,GBP,1,snippet,UL94-V0. Clips onto a rail; customer needs a rail/cabinet. 6-module 1597DIN6GY GBP 9.09.
din,Modular DIN enclosure kit 4-module,CamdenBoss,CNMB/4/KIT,https://www.rapidonline.com/,10.25,GBP,1,snippet,$11.84 at DigiKey. Extended height CNMB/4/E.
din,Modular DIN enclosure 4M,Italtronic,25.0401000.BL,https://www.tme.com/,6.31,USD,1,snippet,Modulbox XTS. 6M 25.0601000.BL $7.93.
din,Portable surface box with internal 35 mm rail (4 modules),Schneider Electric,MIP10104,TODO,19.00,EUR,1,snippet,Mini Pragma IP40. Breaker-panel look; for shelf/flat mounting. List ~EUR 42.
din,Portable enclosure with moulded DIN tabs,Hammond,1554V2GYSL,https://www.hammfg.com/electronics/small-case/plastic/1554,TODO,USD,1,unverified,239x160x90 mm IP66. Rail mounting tabs in most 1554/1555 sizes.
din,DIN PoE splitter 802.3at in / 12 or 24 V out / 25 W,Planet,IPOE-162S,TODO,96.00,USD,0,snippet,Option C power path (architecture.md). Expensive; $44 listings may be non-DIN POE-162S.
din,DIN PoE splitter 802.3at in / 12 V 20 W,E-link,LNK-SPT12V,TODO,TODO,USD,0,unverified,Cheaper option C candidate.
